{"IoU": 0.16075429970362232, "Cor": 0.00015845406383436955, "IoU_std": 0.13788607500992445, "Cor_std": 0.23477194255803174}