{"IoU": 0.295587559494866, "Cor": 0.07286280597295085}