{"IoU": 0.16263315928885938, "Cor": -0.0018903273186776294}